{
  "averageSalaries": {
    "total": 32760.097333333335,
    "gender": {
      "man": 33184.455604075694,
      "woman": 28282.533333333333,
      "noGender": 25133.333333333332
    },
    "experience": {
      "trainee": 0,
      "junior": 0,
      "senior": 0
    },
    "modality": {
      "remote": 0,
      "office": 0,
      "hybrid": 0,
      "mostlyRemote": 0
    },
    "genderAndExperience": {
      "trainee": {
        "man": 19178.029411764706,
        "woman": 19226.666666666668,
        "noGender": null
      },
      "junior": {
        "man": 28438.018633540374,
        "woman": 28283.870967741936,
        "noGender": 31000
      },
      "senior": {
        "man": 44427.83269961977,
        "woman": 37982.28571428572,
        "noGender": 22200
      }
    }
  },
  "count": {
    "total": 750,
    "gender": {
      "man": 687,
      "woman": 60,
      "noGender": 3
    },
    "modality": {
      "remote": 392,
      "office": 89,
      "hybrid": 135,
      "mostlyRemote": 132,
      "undefined": null
    },
    "experience": {
      "junior": 354,
      "senior": 279,
      "trainee": 117
    },
    "studies": {
      "bootcamp": 66,
      "formal": 548,
      "self": 97,
      "undefined": null
    },
    "genderAndExperience": {
      "junior": {
        "man": 322,
        "woman": 31,
        "noGender": 1
      },
      "senior": {
        "man": 263,
        "woman": 14,
        "noGender": 2
      },
      "trainee": {
        "man": 102,
        "woman": 15,
        "noGender": 0
      }
    }
  }
}